Informações detalhadas sobre empréstimos de ativos que foram formalmente registrados.  Para todas as modalidades que a B3 publica no Boletim Diário a metodologia da taxa média de cada ativo divulgada no empréstimo é a média ponderada pela quantidade de negócios na data do pregão. Nos dias em que não houver negociação no ativo, a taxa divulgada será a última calculada disponível. Os detalhes sobre as regras utilizadas, bem como a definição de cada um dos campos, estão disponíveis no ;;;;;;;;;;;;;
Glossário;https://www.b3.com.br/data/files/32/02/C0/25/391EA810E9C1AAA8AC094EA8/Glossario%20_%20Emprestimos_Registrados.pdf;;;;;;;;;;;;
;;;;;;;;;;;;;
;;;;;;;;Taxa doador;;;Taxa tomador;;
Data;Código IF;Código ISIN;Empresa ou fundo;Mercado;Número de contratos;Quantidade de ativos;Valor em R$;Mínima;Média ponderada;Máxima;Mínima;Média ponderada;Máxima
30/06/2026;BAZA3;BRBAZAACNOR0;BCO AMAZONIA S.A.;Registro;2;318;19299,42;2,92%;2,92%;2,92%;2,92%;2,92%;2,92%
30/06/2026;RPAD6;BRRPADACNPB2;ALFA HOLDINGS S.A.;Registro;;0;0;5,00%;5,00%;5,00%;5,00%;5,00%;5,00%
30/06/2026;BILB34;BRBILBBDR005;BANCO BILBAO VIZCAYA ARGENTARIA SA;Registro;;0;0;12,00%;12,00%;12,00%;12,00%;12,00%;12,00%
30/06/2026;BEWZ39;BRBEWZBDR000;ISHARES MSCI BRAZIL ETF;Registro;;0;0;8,50%;8,50%;8,50%;8,50%;8,50%;8,50%
30/06/2026;L2RN34;BRL2RNBDR005;STRIDE INC;Registro;;0;0;20,00%;20,00%;20,00%;20,00%;20,00%;20,00%
30/06/2026;VIVA3;BRVIVAACNOR0;VIVARA PARTICIPAÇOES S.A;Registro;209;952296;22026606,48;0,10%;4,41%;5,00%;0,10%;4,41%;5,00%
30/06/2026;E1XP34;BRE1XPBDR009;EXPEDITORS INTERNATIONAL OF WASHINGTON INC;Registro;;0;0;10,00%;10,00%;10,00%;10,00%;10,00%;10,00%
30/06/2026;TFCO4;BRTFCOACNPR8;TRACK & FIELD CO S.A.;Registro;4;7005;106826,25;0,13%;0,13%;0,13%;0,13%;0,13%;0,13%
30/06/2026;BLTP39;BRBLTPBDR002;PIMCO 15 YEAR U.S. TIPS INDEX EXCHANGE-TF;Registro;;0;0;5,00%;5,00%;5,00%;5,00%;5,00%;5,00%
30/06/2026;S1JM34;BRS1JMBDR009;THE JM SMUCKER CO;Registro;;0;0;0,50%;0,50%;0,50%;0,50%;0,50%;0,50%
30/06/2026;T1EL34;BRT1ELBDR001;TE CONNECTIVITY PLC;Registro;;0;0;5,00%;5,00%;5,00%;5,00%;5,00%;5,00%
30/06/2026;BMBB39;BRBMBBBDR008;ISHARES MBS ETF;Registro;;0;0;2,00%;2,00%;2,00%;2,00%;2,00%;2,00%
30/06/2026;AZOI34;BRAZOIBDR000;AUTOZONE INC;Registro;;0;0;20,00%;20,00%;20,00%;20,00%;20,00%;20,00%
30/06/2026;U1LT34;BRU1LTBDR006;ULTA BEAUTY INC;Registro;;0;0;7,00%;7,00%;7,00%;7,00%;7,00%;7,00%
30/06/2026;H2UB34;BRH2UBBDR000;HUBSPOT INC;Registro;;0;0;16,00%;16,00%;16,00%;16,00%;16,00%;16,00%
30/06/2026;INBR32;BRINBRBDR007;INTER CO INC;Registro;19;23754;661311,36;0,09%;0,10%;0,10%;0,09%;0,10%;0,10%
30/06/2026;IBKR34;BRIBKRBDR003;INTERACTIVE BROKERS GROUP INC;Registro;3;374;10625,34;5,00%;5,00%;5,00%;5,00%;5,00%;5,00%
30/06/2026;M2PT34;BRM2PTBDR005;MEDICAL PROPERTIES TRUST INC;Registro;;0;0;5,00%;5,00%;5,00%;5,00%;5,00%;5,00%
30/06/2026;MELK3;BRMELKACNOR8;MELNICK DESENVOLVIMENTO IMOBILIÁRIO S.A.;Registro;2;50050;161661,5;0,04%;0,04%;0,04%;0,04%;0,04%;0,04%
30/06/2026;BCWV39;BRBCWVBDR003;ISHARES MSCI GLOBAL MIN VOL FACTOR ETF;Registro;;0;0;25,00%;25,00%;25,00%;25,00%;25,00%;25,00%
30/06/2026;DTCR39;BRDTCRBDR003;GLOBAL X DATA CENTER & DIGITAL INFRASTRUCTURE ETF;Registro;2;109;8692,75;11,80%;11,80%;11,80%;11,80%;11,80%;11,80%
30/06/2026;PCIP11;BRPCIPCTF003;PATRIA CRÉD IMOB ÍNDICE DE PREÇOS FII - RESP LIM;Registro;1;5;393,85;2,66%;2,66%;2,66%;2,66%;2,66%;2,66%
30/06/2026;BIWM39;BRBIWMBDR009;ISHARES RUSSELL 2000 ETF;Registro;;0;0;25,00%;25,00%;25,00%;25,00%;25,00%;25,00%
30/06/2026;BHYC39;BRBHYCBDR008;ISHARES 0-5 YEAR HIGH YIELD CORPORATE BOND ETF;Registro;;0;0;5,00%;5,00%;5,00%;5,00%;5,00%;5,00%
30/06/2026;T2ER34;BRT2ERBDR006;TERADYNE INC;Registro;2;167;21250,75;7,00%;7,00%;7,00%;7,00%;7,00%;7,00%
30/06/2026;VCRI11;BRVCRICTF007;VINCI CREDIT SECURITIES FII RESP LIM;Registro;;0;0;8,00%;8,00%;8,00%;8,00%;8,00%;8,00%
30/06/2026;AURO11;BRAUROCTF001;BUENA VISTA NEOS GOLD H INC INDEX FDO IND RES LIM;Registro;;0;0;9,27%;9,27%;9,27%;9,27%;9,27%;9,27%
30/06/2026;OURO11;BROUROCTF002;B-INDEX ETF OURO BRL B3 FUNDO DE INDICE -RESP LIM;Registro;;0;0;2,00%;2,00%;2,00%;2,00%;2,00%;2,00%
30/06/2026;C1BO34;BRC1BOBDR000;CBOE GLOBAL MARKETS INC;Registro;;0;0;12,00%;12,00%;12,00%;12,00%;12,00%;12,00%
30/06/2026;RECV3;BRRECVACNOR3;PETRORECÔNCAVO S.A.;Registro;95;1156348;11679114,8;0,96%;1,35%;2,80%;0,96%;1,35%;2,80%
30/06/2026;SPXH11;BRSPXHCTF005;TREND ETF S&P 500 QUANTO CL DE ÍNDICE - RESP LIM;Registro;;0;0;11,00%;11,00%;11,00%;11,00%;11,00%;11,00%
30/06/2026;COLG34;BRCOLGBDR000;COLGATE-PALMOLIVE COMPANY;Registro;;0;0;2,00%;2,00%;2,00%;2,00%;2,00%;2,00%
30/06/2026;BRCO11;BRBRCOCTF007;BRESCO LOGÍSTICA - FDO INV IMOB;Registro;4;285;32495,7;0,10%;0,10%;0,10%;0,10%;0,10%;0,10%
30/06/2026;BFNX39;BRBFNXBDR001;GLOBAL X FINTECH ETF;Registro;;0;0;5,00%;5,00%;5,00%;5,00%;5,00%;5,00%
30/06/2026;FYTO11;BRFYTOCTF008;FII - FII FYTO RECEBÍVEIS IMOBILIÁRIOS RESP LIM;Registro;;0;0;8,00%;8,00%;8,00%;8,00%;8,00%;8,00%
30/06/2026;IVVB11;BRIVVBCTF001;ISHARES S&P 500 FUNDO DE ÍNDICE;Registro;121;199163;86128039,35;0,35%;0,48%;2,00%;0,35%;0,48%;2,00%
30/06/2026;CLXC34;BRCLXCBDR000;CLOROX COMPANY;Registro;;0;0;10,00%;10,00%;10,00%;10,00%;10,00%;10,00%
30/06/2026;DGCO34;BRDGCOBDR007;DOLLAR GENERAL CORP;Registro;;0;0;12,00%;12,00%;12,00%;12,00%;12,00%;12,00%
30/06/2026;U2ST34;BRU2STBDR009;UNITY SOFTWARE INC;Registro;;0;0;15,00%;15,00%;15,00%;15,00%;15,00%;15,00%
30/06/2026;XPSF11;BRXPSFCTF009;XP SELECTION FDO DE FII RESP LIM;Registro;;0;0;2,16%;2,16%;2,16%;2,16%;2,16%;2,16%
30/06/2026;FIIP11;BRFIIPCTF001;RB CAPITAL RENDA I - FII - RESP LIM;Registro;;0;0;11,20%;11,20%;11,20%;11,20%;11,20%;11,20%
30/06/2026;QUBT34;BRQUBTBDR001;QUANTUM COMPUTING INC;Registro;;0;0;0,10%;0,10%;0,10%;0,10%;0,10%;0,10%
30/06/2026;BCOM39;BRBCOMBDR009;ISHARES GSCI COMMODITY DYNAMIC ROLL STRATEGY ETF;Registro;;0;0;2,00%;2,00%;2,00%;2,00%;2,00%;2,00%
30/06/2026;EBAY34;BREBAYBDR009;EBAY INC.;Registro;;0;0;17,00%;17,00%;17,00%;17,00%;17,00%;17,00%
30/06/2026;PORD11;BRPORDCTF005;POLO CREDITO IMOBILIARIO– FII;Registro;7;13030;110103,5;3,02%;3,02%;3,02%;3,02%;3,02%;3,02%
30/06/2026;B1SX34;BRB1SXBDR006;BOSTON SCIENTIFIC CORP;Registro;;0;0;30,00%;30,00%;30,00%;30,00%;30,00%;30,00%
30/06/2026;EALT3;BREALTACNOR4;ELECTRO ACO ALTONA S.A.;Registro;;0;0;10,00%;10,00%;10,00%;10,00%;10,00%;10,00%
30/06/2026;VLYB34;BRVLYBBDR000;VALLEY NATIONAL BANCORP;Registro;;0;0;12,00%;12,00%;12,00%;12,00%;12,00%;12,00%
30/06/2026;C1GP34;BRC1GPBDR006;COSTAR GROUP INC;Registro;;0;0;12,00%;12,00%;12,00%;12,00%;12,00%;12,00%
30/06/2026;BEMV39;BRBEMVBDR000;ISHARES MSCI EMERGING MARKETS MIN VOL FACTOR ETF;Registro;;0;0;12,00%;12,00%;12,00%;12,00%;12,00%;12,00%
30/06/2026;C2EM34;BRC2EMBDR006;CEMEX SAB DE CV;Registro;;0;0;10,00%;10,00%;10,00%;10,00%;10,00%;10,00%
30/06/2026;ESTR4;BRESTRACNPR0;MANUFATURA DE BRINQUEDOS ESTRELA S.A.;Registro;;0;0;5,00%;5,00%;5,00%;5,00%;5,00%;5,00%
30/06/2026;MULT3;BRMULTACNOR5;MULTIPLAN - EMPREEND IMOBILIARIOS S.A.;Registro;72;228184;6777064,8;0,30%;0,37%;0,86%;0,30%;0,37%;0,86%
30/06/2026;BIED3;BRBIEDACNOR2;BIOMA EDUCAÇÃO S.A.;Registro;;0;0;5,00%;5,00%;5,00%;5,00%;5,00%;5,00%
30/06/2026;MOVI3;BRMOVIACNOR0;MOVIDA PARTICIPACOES SA;Registro;48;361043;3466012,8;0,07%;0,10%;0,15%;0,07%;0,10%;0,15%
30/06/2026;S2UI34;BRS2UIBDR002;SUN COMMUNITIES INC;Registro;;0;0;35,00%;35,00%;35,00%;35,00%;35,00%;35,00%
30/06/2026;BQLT39;BRBQLTBDR000;ISHARES AAA - A RATED CORPORATE BOND ETF;Registro;;0;0;10,00%;10,00%;10,00%;10,00%;10,00%;10,00%
30/06/2026;U1AL34;BRU1ALBDR006;UNITED AIRLINES HOLDINGS INC;Registro;;0;0;20,00%;20,00%;20,00%;20,00%;20,00%;20,00%
30/06/2026;P2CY34;BRP2CYBDR000;PAYLOCITY HOLDING CORP;Registro;;0;0;5,00%;5,00%;5,00%;5,00%;5,00%;5,00%
30/06/2026;LIFE11;BRLIFECTF017;LIFE CAPITAL PARTNERS FUNDO DE INVESTIMENTO IMOB;Registro;;0;0;4,32%;4,32%;4,32%;4,32%;4,32%;4,32%
30/06/2026;BIYF39;BRBIYFBDR009;ISHARES US FINANCIALS ETF;Registro;;0;0;35,00%;35,00%;35,00%;35,00%;35,00%;35,00%
30/06/2026;MXRF11;BRMXRFCTF008;MAXI RENDA FDO INV IMOB RESP LIM;Registro;59;199278;1932996,6;0,08%;0,11%;0,15%;0,08%;0,11%;0,15%
30/06/2026;ALPK3;BRALPKACNOR9;ALLPARK EMPREENDIMENTOS PARTICIPACOES SERVICOS S.A;Registro;11;83883;339726,15;6,03%;6,03%;6,03%;6,03%;6,03%;6,03%
30/06/2026;BEWT39;BRBEWTBDR003;ISHARES MSCI TAIWAN ETF;Registro;;0;0;20,00%;20,00%;20,00%;20,00%;20,00%;20,00%
30/06/2026;GFSA3;BRGFSAACNOR3;GAFISA S.A.;Registro;22;120739;144886,8;20,05%;20,05%;20,05%;20,05%;20,05%;20,05%
30/06/2026;W1DA34;BRW1DABDR001;WORKDAY INC;Registro;;0;0;12,00%;12,00%;12,00%;12,00%;12,00%;12,00%
30/06/2026;BCNY39;BRBCNYBDR006;ISHARES MSCI CHINA A ETF;Registro;;0;0;7,00%;7,00%;7,00%;7,00%;7,00%;7,00%
30/06/2026;JOPA3;BRJOPAACNOR5;JOSAPAR-JOAQUIM OLIVEIRA S.A. - PARTICIP;Registro;;0;0;4,25%;4,25%;4,25%;4,25%;4,25%;4,25%
30/06/2026;BIBB39;BRBIBBBDR006;ISHARES BIOTECHNOLOGY ETF;Registro;;0;0;20,00%;20,00%;20,00%;20,00%;20,00%;20,00%
30/06/2026;CMIG4;BRCMIGACNPR3;CIA ENERGETICA DE MINAS GERAIS - CEMIG;Registro;78;772921;8440297,32;0,01%;0,06%;0,15%;0,01%;0,06%;0,15%
30/06/2026;R2BL34;BRR2BLBDR007;ROBLOX CORPORATION;Registro;2;528;14794,56;15,00%;15,00%;15,00%;15,00%;15,00%;15,00%
30/06/2026;GPUS11;BRGPUSCTF003;INVESTO GP ETF S&P 500 FUNDO DE ÍNDICE;Registro;;0;0;12,00%;12,00%;12,00%;12,00%;12,00%;12,00%
30/06/2026;BHEW39;BRBHEWBDR008;ISHARES CURRENCY HEDGED MSCI JAPAN ETF;Registro;;0;0;10,00%;10,00%;10,00%;10,00%;10,00%;10,00%
30/06/2026;AXPB34;BRAXPBBDR007;AMERICAN EXPRESS COMPANY;Registro;;0;0;21,25%;21,25%;21,25%;21,25%;21,25%;21,25%
30/06/2026;HSLG11;BRHSLGCTF009;HSI LOGÍSTICA FUNDO DE INVESTIMENTO IMOBILIÁRIO;Registro;1;5;434;5,00%;5,00%;5,00%;5,00%;5,00%;5,00%
30/06/2026;EZTC3;BREZTCACNOR0;EZ TEC EMPREEND. E PARTICIPACOES S.A.;Registro;30;182955;2440619,7;0,03%;0,03%;0,15%;0,03%;0,03%;0,15%
30/06/2026;HBOR3;BRHBORACNOR3;HELBOR EMPREENDIMENTOS S.A.;Registro;9;17632;38790,4;0,02%;0,04%;0,15%;0,02%;0,04%;0,15%
30/06/2026;POMO4;BRPOMOACNPR7;MARCOPOLO S.A.;Registro;29;137309;804630,74;0,03%;0,05%;0,25%;0,03%;0,05%;0,25%
30/06/2026;U1HS34;BRU1HSBDR006;UNIVERSAL HEALTH SERVICES INC;Registro;;0;0;5,00%;5,00%;5,00%;5,00%;5,00%;5,00%
30/06/2026;POMO3;BRPOMOACNOR0;MARCOPOLO S.A.;Registro;7;9411;51854,61;0,29%;0,29%;0,29%;0,29%;0,29%;0,29%
30/06/2026;R1CL34;BRR1CLBDR007;ROYAL CARIBBEAN GROUP;Registro;;0;0;20,00%;20,00%;20,00%;20,00%;20,00%;20,00%
30/06/2026;BEGU39;BRBEGUBDR004;ISHARES ESG AWARE MSCI USA ETF;Registro;;0;0;10,00%;10,00%;10,00%;10,00%;10,00%;10,00%
30/06/2026;P2NB34;BRP2NBBDR005;PENUMBRA INC;Registro;;0;0;12,00%;12,00%;12,00%;12,00%;12,00%;12,00%
30/06/2026;C2RS34;BRC2RSBDR005;CRISPR THERAPEUTICS AG;Registro;;0;0;25,00%;25,00%;25,00%;25,00%;25,00%;25,00%
30/06/2026;HYEM39;BRHYEMBDR001;VANECK EMERGING MARKETS HIGH YIELD BOND ETF;Registro;;0;0;2,00%;2,00%;2,00%;2,00%;2,00%;2,00%
30/06/2026;CEEB5;BRCEEBACNPA6;CIA ELETRICIDADE EST. DA BAHIA - COELBA;Registro;;0;0;5,00%;5,00%;5,00%;5,00%;5,00%;5,00%
30/06/2026;LREN3;BRLRENACNOR1;LOJAS RENNER S.A.;Registro;183;1756712;26385814,24;0,10%;0,11%;0,15%;0,10%;0,11%;0,15%
30/06/2026;SMFT3;BRSMFTACNOR1;SMARTFIT ESCOLA DE GINÁSTICA E DANÇA S.A.;Registro;46;412327;8036253,23;0,06%;0,07%;0,15%;0,06%;0,07%;0,15%
30/06/2026;AZIN11;BRAZINCTF019;AZ QUEST INFRA-YIELD II FIP IE;Registro;;0;0;12,00%;12,00%;12,00%;12,00%;12,00%;12,00%
30/06/2026;OXYP34;BROXYPBDR000;OCCIDENTAL PETROLEUM CORP;Registro;;0;0;0,10%;0,10%;0,10%;0,10%;0,10%;0,10%
30/06/2026;BRZP11;BRBRZPCTF005;BRZ INFRA PORTOS FDO. INV. EM PART.  -  RESP LIM;Registro;;0;0;10,00%;10,00%;10,00%;10,00%;10,00%;10,00%
30/06/2026;P1NW34;BRP1NWBDR003;PINNACLE WEST CAPITAL CORP;Registro;;0;0;10,00%;10,00%;10,00%;10,00%;10,00%;10,00%
30/06/2026;N1BI34;BRN1BIBDR009;NEUROCRINE BIOSCIENCES INC;Registro;;0;0;15,00%;15,00%;15,00%;15,00%;15,00%;15,00%
30/06/2026;A2SO34;BRA2SOBDR004;ACADEMY SPORTS & OUTDOORS INC;Registro;;0;0;7,00%;7,00%;7,00%;7,00%;7,00%;7,00%
30/06/2026;VISC11;BRVISCCTF005;VINCI SHOPPING CENTERS FII RESP LIM;Registro;9;3999;420014,97;0,47%;0,47%;0,47%;0,47%;0,47%;0,47%
30/06/2026;DEVA11;BRDEVACTF000;DEVANT RECEBÍVEIS IMOBILIÁRIOS FII RESP LIM;Registro;2;132;2327,16;3,14%;3,14%;3,14%;3,14%;3,14%;3,14%
30/06/2026;A1RG34;BRA1RGBDR004;ARGENX SE;Registro;;0;0;45,00%;45,00%;45,00%;45,00%;45,00%;45,00%
30/06/2026;SNCI11;BRSNCICTF002;SUNO RECEBÍVEIS IMOBILIÁRIOS FII RESP LIM;Registro;1;1;86,34;10,71%;10,71%;10,71%;10,71%;10,71%;10,71%
30/06/2026;N2ET34;BRN2ETBDR008;CLOUDFLARE INC;Registro;;0;0;34,38%;34,38%;34,38%;34,38%;34,38%;34,38%
30/06/2026;KORE11;BRKORECTF012;KINEA OPORTUNIDADES REAL ESTATE FII RESP LIM;Registro;3;4235;267355,55;0,14%;0,14%;0,14%;0,14%;0,14%;0,14%
30/06/2026;CEBR5;BRCEBRACNPA8;CIA ENERGETICA DE BRASILIA;Registro;;0;0;5,00%;5,00%;5,00%;5,00%;5,00%;5,00%
30/06/2026;IBIT39;BRIBITBDR003;ISHARES BITCOIN TRUST;Registro;1;20;1165,4;0,01%;0,01%;0,01%;0,01%;0,01%;0,01%
30/06/2026;RICO11;BRRICOCTF002;BUENA VISTA VIII FUNDO DE ÍNDICE;Registro;;0;0;5,00%;5,00%;5,00%;5,00%;5,00%;5,00%
30/06/2026;BITO39;BRBITOBDR001;ISHARES CORE S&P TOTAL US STOCK MARKET ETF;Registro;;0;0;5,00%;5,00%;5,00%;5,00%;5,00%;5,00%
30/06/2026;A2LC34;BRA2LCBDR004;ALCON INC;Registro;;0;0;10,00%;10,00%;10,00%;10,00%;10,00%;10,00%
30/06/2026;BIHE39;BRBIHEBDR007;ISHARES US PHARMACEUTICALS ETF;Registro;;0;0;5,00%;5,00%;5,00%;5,00%;5,00%;5,00%
30/06/2026;BEUW39;BRBEUWBDR001;ISHARES MSCI USA EQUAL WEIGHTED ETF;Registro;;0;0;5,00%;5,00%;5,00%;5,00%;5,00%;5,00%
30/06/2026;AXIA11;BRAXIAA01PC0;AXIA ENERGIA S.A.;Registro;;0;0;0,01%;0,01%;0,01%;0,01%;0,01%;0,01%
30/06/2026;EKTR4;BREKTRACNPR7;ELEKTRO REDES S.A.;Registro;;0;0;3,00%;3,00%;3,00%;3,00%;3,00%;3,00%
30/06/2026;PRNR3;BRPRNRACNOR4;PRINER SERVIÇOS INDUSTRIAIS S.A.;Registro;10;44289;786129,75;0,02%;0,02%;0,15%;0,02%;0,02%;0,15%
30/06/2026;W1MG34;BRW1MGBDR009;WARNER MUSIC GROUP CORPORATION;Registro;;0;0;12,00%;12,00%;12,00%;12,00%;12,00%;12,00%
30/06/2026;T1AM34;BRT1AMBDR007;ATLASSIAN CORPORATION PLC;Registro;;0;0;25,00%;25,00%;25,00%;25,00%;25,00%;25,00%
30/06/2026;VITT3;BRVITTACNOR4;VITTIA S.A.;Registro;3;17656;57382;0,55%;0,55%;0,55%;0,55%;0,55%;0,55%
30/06/2026;E2LS34;BRE2LSBDR006;EQUITY LIFESTYLE PROPERTIES INC;Registro;;0;0;12,00%;12,00%;12,00%;12,00%;12,00%;12,00%
30/06/2026;AJFI11;BRAJFICTF001;AJ MALLS FII RESP LIM;Registro;;0;0;0,47%;0,47%;0,47%;0,47%;0,47%;0,47%
30/06/2026;TMOS34;BRTMOSBDR007;THERMO FISHER SCIENTIFIC, INC.;Registro;;0;0;0,80%;0,80%;0,80%;0,80%;0,80%;0,80%
30/06/2026;TPRY34;BRTPRYBDR001;TAPESTRY INC;Registro;;0;0;10,00%;10,00%;10,00%;10,00%;10,00%;10,00%
30/06/2026;M1GM34;BRM1GMBDR019;MGM RESORTS INTERNATIONAL;Registro;;0;0;12,00%;12,00%;12,00%;12,00%;12,00%;12,00%
30/06/2026;CLIN11;BRCLINCTF007;CLAVE ÍNDICES DE PREÇOS FII RESP LIM;Registro;1;39;3586,83;9,95%;9,95%;9,95%;9,95%;9,95%;9,95%
30/06/2026;B1AX34;BRB1AXBDR004;BAXTER INTERNATIONAL INC;Registro;;0;0;12,00%;12,00%;12,00%;12,00%;12,00%;12,00%
30/06/2026;BOVX11;BRBOVXCTF005;TREND ETF IBOVESPA FUNDO DE ÍNDICE;Registro;20;20201;358567,75;2,47%;2,47%;2,50%;2,47%;2,47%;2,50%
30/06/2026;BITC11;BRBITCCTF013;BTG PACTUAL TEVA BITCOIN FUNDO DE ÍNDICE;Registro;1;119;6048,77;0,15%;0,15%;0,15%;0,15%;0,15%;0,15%
30/06/2026;B1FC34;BRB1FCBDR007;BROWN FORMAN CORP;Registro;;0;0;5,00%;5,00%;5,00%;5,00%;5,00%;5,00%
30/06/2026;VGRI11;BRVGRICTF008;VALORA RENDA IMOB FUNDO DE INVES IMOB -RESP LIMIT;Registro;;0;0;10,00%;10,00%;10,00%;10,00%;10,00%;10,00%
30/06/2026;VIGT11;BRVIGTCTF004;VINCI ENERGIA FDO INV PART IE RESP LIM;Registro;;0;0;7,00%;7,00%;7,00%;7,00%;7,00%;7,00%
30/06/2026;EQMA3B;BREQMAACNOR8;EQUATORIAL MARANHÃO DISTRIBUIDORA DE ENERGIA S.A.;Registro;;0;0;5,00%;5,00%;5,00%;5,00%;5,00%;5,00%
30/06/2026;BFCG39;BRBFCGBDR009;FIRST TRUST NATURAL GAS ETF;Registro;;0;0;7,00%;7,00%;7,00%;7,00%;7,00%;7,00%
30/06/2026;TOTS3;BRTOTSACNOR8;TOTVS S.A.;Registro;74;1344180;38376339;0,10%;2,18%;2,25%;0,10%;2,18%;2,25%
30/06/2026;W1SO34;BRW1SOBDR000;WATSCO INC;Registro;;0;0;10,00%;10,00%;10,00%;10,00%;10,00%;10,00%
30/06/2026;SOJA3;BRSOJAACNOR9;BOA SAFRA SEMENTES S.A.;Registro;34;136209;841771,62;1,20%;1,58%;1,59%;1,20%;1,58%;1,59%
30/06/2026;BJQU39;BRBJQUBDR002;JPMORGAN US QUALITY FACTOR ETF;Registro;;0;0;5,00%;5,00%;5,00%;5,00%;5,00%;5,00%
30/06/2026;MCDC34;BRMCDCBDR000;MCDONALDS CORP.;Registro;;0;0;1,69%;1,69%;1,69%;1,69%;1,69%;1,69%
30/06/2026;M1TC34;BRM1TCBDR005;MATCH GROUP INC;Registro;;0;0;10,00%;10,00%;10,00%;10,00%;10,00%;10,00%
30/06/2026;CARE11;BRCARECTF000;BRAZILIAN GRAVEYARD DEATH CARE FDO INV IMOB - FII;Registro;;0;0;12,00%;12,00%;12,00%;12,00%;12,00%;12,00%
30/06/2026;R1HI34;BRR1HIBDR002;ROBERT HALF INC.;Registro;;0;0;5,00%;5,00%;5,00%;5,00%;5,00%;5,00%
30/06/2026;V1IP34;BRV1IPBDR009;VIPSHOP HOLDINGS LTD;Registro;;0;0;12,00%;12,00%;12,00%;12,00%;12,00%;12,00%
30/06/2026;VCRR11;BRVCRRCTF008;PATRIA RENDA RESIDENCIAL FDO. INV. IMOB. RESP. LIM;Registro;;0;0;5,00%;5,00%;5,00%;5,00%;5,00%;5,00%
30/06/2026;PLAS3;BRPLASACNOR2;PLASCAR PARTICIPACOES INDUSTRIAIS S.A.;Registro;;0;0;10,00%;10,00%;10,00%;10,00%;10,00%;10,00%
30/06/2026;RBRR11;BRRBRRCTF008;FDO INV IMOB - FII RBR RENDIMENTO HIGH GRADE;Registro;2;24;1863,36;0,44%;0,44%;0,44%;0,44%;0,44%;0,44%
30/06/2026;LAVV3;BRLAVVACNOR4;LAVVI EMPREENDIMENTOS IMOBILIÁRIOS S.A.;Registro;22;141204;1642202,52;0,20%;0,20%;0,20%;0,20%;0,20%;0,20%
30/06/2026;BHDV39;BRBHDVBDR002;ISHARES CORE HIGH DIVIDEND ETF;Registro;;0;0;15,00%;15,00%;15,00%;15,00%;15,00%;15,00%
30/06/2026;KMBB34;BRKMBBBDR009;KIMBERLY-CLARK CORP;Registro;;0;0;10,00%;10,00%;10,00%;10,00%;10,00%;10,00%
30/06/2026;J1EG34;BRJ1EGBDR003;JACOBS SOLUTIONS INC.;Registro;;0;0;5,00%;5,00%;5,00%;5,00%;5,00%;5,00%
30/06/2026;ESGB11;BRESGBCTF007;BTG PACTUAL ESG FUNDO DE ÍNDICE S&P/B3 BRAZIL ES;Registro;2;7;808,36;5,00%;5,00%;5,00%;5,00%;5,00%;5,00%
30/06/2026;T1CH34;BRT1CHBDR003;BIO-TECHNE CORPORATION;Registro;;0;0;5,00%;5,00%;5,00%;5,00%;5,00%;5,00%
30/06/2026;DEXP3;BRDEXPACNOR1;DEXXOS PARTICIPACOES S.A.;Registro;4;15600;108420;0,10%;0,10%;0,10%;0,10%;0,10%;0,10%
30/06/2026;W1BD34;BRW1BDBDR009;WARNER BROS. DISCOVERY, INC..;Registro;;0;0;30,00%;30,00%;30,00%;30,00%;30,00%;30,00%
30/06/2026;VINO11;BRVINOCTF001;VINCI OFFICES FII RESP LIM;Registro;4;16127;76925,79;1,00%;1,00%;1,00%;1,00%;1,00%;1,00%
30/06/2026;A1RE34;BRA1REBDR009;ALEXANDRIA REAL ESTATE EQUITIES INC;Registro;;0;0;40,00%;40,00%;40,00%;40,00%;40,00%;40,00%
30/06/2026;MAPT4;BRMAPTACNPR5;CEMEPE INVESTIMENTOS S.A.;Registro;;0;0;5,00%;5,00%;5,00%;5,00%;5,00%;5,00%
30/06/2026;NATU3;BRNATUACNOR6;NATURA COSMETICOS S.A.;Registro;457;23118830;191886289;25,70%;60,63%;100,00%;25,70%;60,63%;100,00%
30/06/2026;B1ME34;BRB1MEBDR009;BEONE MEDICINES LTD;Registro;;0;0;8,00%;8,00%;8,00%;8,00%;8,00%;8,00%
30/06/2026;ABEV3;BRABEVACNOR1;AMBEV S.A.;Registro;311;8058032;134166232,8;0,01%;0,12%;0,15%;0,01%;0,12%;0,15%
30/06/2026;COCE3;BRCOCEACNOR0;CIA ENERGETICA DO CEARA - COELCE;Registro;;0;0;5,00%;5,00%;5,00%;5,00%;5,00%;5,00%
30/06/2026;COCE5;BRCOCEACNPA3;CIA ENERGETICA DO CEARA - COELCE;Registro;1;1;30,9;5,04%;5,04%;5,04%;5,04%;5,04%;5,04%
30/06/2026;GILD34;BRGILDBDR000;GILEAD SCIENCES, INC.;Registro;;0;0;12,00%;12,00%;12,00%;12,00%;12,00%;12,00%
30/06/2026;PASS3;BRPASSACNOR7;COMPASS GAS E ENERGIA S.A.;Registro;5;5177;126940,04;3,69%;3,69%;3,69%;3,69%;3,69%;3,69%
30/06/2026;BAAX39;BRBAAXBDR009;ISHARES MSCI ALL COUNTRY ASIA EX JAPAN ETF;Registro;;0;0;3,00%;3,00%;3,00%;3,00%;3,00%;3,00%
30/06/2026;SAUD3;BRSAUDACNOR9;BRADSAUDE S.A.;Registro;23;361646;5189620,1;0,32%;0,32%;0,81%;0,32%;0,32%;0,81%
30/06/2026;BIGL39;BRBIGLBDR004;ISHARES 10 YEAR INVESTM GRADE CORPORATE BOND ETF;Registro;;0;0;5,00%;5,00%;5,00%;5,00%;5,00%;5,00%
30/06/2026;ALUG11;BRALUGCTF000;INVESTO ETF MSCI REAL ESTATE ETF FDO INDICE - IE;Registro;1;2;86,72;6,54%;6,54%;6,54%;6,54%;6,54%;6,54%
30/06/2026;ISAE3;BRISAEACNOR2;ISA ENERGIA BRASIL S.A;Registro;4;4600;154238;4,00%;4,00%;4,00%;4,00%;4,00%;4,00%
30/06/2026;CEBR6;BRCEBRACNPB6;CIA ENERGETICA DE BRASILIA;Registro;;0;0;8,71%;8,71%;8,71%;8,71%;8,71%;8,71%
30/06/2026;BCHI39;BRBCHIBDR001;ISHARES MSCI CHINA ETF;Registro;;0;0;6,00%;6,00%;6,00%;6,00%;6,00%;6,00%
30/06/2026;CORN11;BRCORNCTF002;BB ETF ÍNDICE FUT. DE MILHO B3 FDO DE ÍNDICE RES L;Registro;;0;0;10,00%;10,00%;10,00%;10,00%;10,00%;10,00%
30/06/2026;UTLL11;BRUTLLCTF000;INVESTO B3 UTILIDADE PÚBLICA FUNDO DE ÍNDICE;Registro;;0;0;0,10%;0,10%;0,23%;0,10%;0,10%;0,23%
30/06/2026;BDLL4;BRBDLLACNPR8;BARDELLA S.A. INDUSTRIAS MECANICAS;Registro;;0;0;5,00%;5,00%;5,00%;5,00%;5,00%;5,00%
30/06/2026;I1RM34;BRI1RMBDR004;IRON MOUNTAIN INC;Registro;;0;0;20,00%;20,00%;20,00%;20,00%;20,00%;20,00%
30/06/2026;I1XC34;BRI1XCBDR003;ORIX CORP;Registro;;0;0;15,00%;15,00%;15,00%;15,00%;15,00%;15,00%
30/06/2026;JALL3;BRJALLACNOR0;JALLES MACHADO S.A.;Registro;42;178359;392389,8;0,07%;0,07%;0,07%;0,07%;0,07%;0,07%
30/06/2026;MGEL4;BRMGELACNPR3;MANGELS INDUSTRIAL S.A.;Registro;;0;0;10,00%;10,00%;10,00%;10,00%;10,00%;10,00%
30/06/2026;V1TA34;BRV1TABDR008;VENTAS INC;Registro;2;36;8326,44;5,00%;5,00%;5,00%;5,00%;5,00%;5,00%
30/06/2026;L1UL34;BRL1ULBDR005;LULULEMON ATHLETICA INC;Registro;;0;0;15,00%;15,00%;15,00%;15,00%;15,00%;15,00%
30/06/2026;WIZC3;BRWIZCACNOR5;WIZ CO PARTICIPAÇÕES E CORRETAGEM DE SEGUROS S.A.;Registro;8;30930;246202,8;0,42%;0,42%;0,91%;0,42%;0,42%;0,91%
30/06/2026;STZB34;BRSTZBBDR006;CONSTELLATION BRANDS INC;Registro;;0;0;12,00%;12,00%;12,00%;12,00%;12,00%;12,00%
30/06/2026;E1XC34;BRE1XCBDR007;EXELON CORP;Registro;;0;0;10,00%;10,00%;10,00%;10,00%;10,00%;10,00%
30/06/2026;Z1BR34;BRZ1BRBDR006;ZEBRA TECHNOLOGIES CORPORATION;Registro;;0;0;12,00%;12,00%;12,00%;12,00%;12,00%;12,00%
30/06/2026;FOMO11;BRFOMOCTF004;HASHDEX MOMENTUM FUNDO DE ÍNDICE – RESP LIMIT;Registro;;0;0;3,51%;3,51%;3,51%;3,51%;3,51%;3,51%
30/06/2026;PSSA3;BRPSSAACNOR7;PORTO SEGURO S.A.;Registro;64;94249;5012161,82;0,01%;0,06%;0,15%;0,01%;0,06%;0,15%
30/06/2026;BILF39;BRBILFBDR006;ISHARES LATIN AMERICA 40 ETF;Registro;;0;0;10,00%;10,00%;10,00%;10,00%;10,00%;10,00%
30/06/2026;RAIZ4;BRRAIZACNPR6;RAIZEN S.A.;Registro;203;12013322;4805328,8;13,92%;19,88%;23,00%;13,92%;19,88%;23,00%
30/06/2026;LAND3;BRLANDACNOR9;TERRA SANTA PROPRIEDADES AGRICOLAS S.A.;Registro;;0;0;8,84%;8,84%;8,84%;8,84%;8,84%;8,84%
30/06/2026;R1DY34;BRR1DYBDR008;DR REDDYS LABORATORIES LTD;Registro;;0;0;10,00%;10,00%;10,00%;10,00%;10,00%;10,00%
30/06/2026;SAPR4;BRSAPRACNPR6;CIA SANEAMENTO DO PARANA - SANEPAR;Registro;5;198;1425,6;0,08%;0,10%;0,15%;0,08%;0,10%;0,15%
30/06/2026;XPIE11;BRXPIECTF003;XP INFRA II FDO DE INV PART IE;Registro;;0;0;10,00%;10,00%;10,00%;10,00%;10,00%;10,00%
30/06/2026;FATN11;BRFATNCTF000;BRC RENDA CORPORATIVA FII RESP LIM;Registro;2;479;37898,48;14,09%;14,09%;14,09%;14,09%;14,09%;14,09%
30/06/2026;ELAS11;BRELASCTF009;SAFRA ETF MULHE NA LIDER FDO DE ÍND AÇÕES RESP LIM;Registro;;0;0;10,00%;10,00%;10,00%;10,00%;10,00%;10,00%
30/06/2026;RENT4;BRRENTACNPR1;LOCALIZA RENT A CAR S.A.;Registro;27;65323;2711557,73;0,35%;0,35%;0,50%;0,35%;0,35%;0,50%
30/06/2026;TASA4;BRTASAACNPR4;TAURUS ARMAS S.A.;Registro;4;694;3449,18;0,12%;0,12%;0,15%;0,12%;0,12%;0,15%
30/06/2026;A1MT34;BRA1MTBDR008;APPLIED MATERIALS INC;Registro;1;25;8558,75;11,65%;11,65%;11,65%;11,65%;11,65%;11,65%
30/06/2026;NIKE34;BRNIKEBDR006;NIKE INC;Registro;2;157;3350,38;0,10%;0,10%;0,10%;0,10%;0,10%;0,10%
30/06/2026;CCTY3;BRCCTYACNOR7;BELORA RDVC CITY DESENVOLVIMENTO  IMOBILIÁRIO S.A.;Registro;;0;0;0,39%;0,39%;0,39%;0,39%;0,39%;0,39%
30/06/2026;COGN3;BRCOGNACNOR2;COGNA EDUCAÇÃO S.A.;Registro;35;483871;1108064,59;0,01%;0,04%;0,15%;0,01%;0,04%;0,15%
30/06/2026;A1MP34;BRA1MPBDR006;AMERIPRISE FINANCIAL INC;Registro;;0;0;12,00%;12,00%;12,00%;12,00%;12,00%;12,00%
30/06/2026;HOME34;BRHOMEBDR002;THE HOME DEPOT, INC.;Registro;;0;0;5,00%;5,00%;5,00%;5,00%;5,00%;5,00%
